yields.id,genus,species,sitename,lat,lon,fertilizer_n,irrigated,planting_year,year,stand_age,planting_density,yield
971,Miscanthus,Miscanthus x giganteus,Selcuk University,37.86,32.48,0,TRUE,1999,1999,0,10000,1.495
972,Miscanthus,Miscanthus x giganteus,Selcuk University,37.86,32.48,50,TRUE,1999,1999,0,10000,1.573
973,Miscanthus,Miscanthus x giganteus,Selcuk University,37.86,32.48,100,TRUE,1999,1999,0,10000,1.644
974,Miscanthus,Miscanthus x giganteus,Selcuk University,37.86,32.48,150,TRUE,1999,1999,0,10000,1.508
975,Miscanthus,Miscanthus x giganteus,Selcuk University,37.86,32.48,200,TRUE,1999,1999,0,10000,1.56
976,Miscanthus,Miscanthus x giganteus,Selcuk University,37.86,32.48,0,TRUE,1999,2000,1,10000,6.56
977,Miscanthus,Miscanthus x giganteus,Selcuk University,37.86,32.48,50,TRUE,1999,2000,1,10000,7.04
978,Miscanthus,Miscanthus x giganteus,Selcuk University,37.86,32.48,100,TRUE,1999,2000,1,10000,7.17
979,Miscanthus,Miscanthus x giganteus,Selcuk University,37.86,32.48,150,TRUE,1999,2000,1,10000,6.58
980,Miscanthus,Miscanthus x giganteus,Selcuk University,37.86,32.48,200,TRUE,1999,2000,1,10000,6.9
981,Miscanthus,Miscanthus x giganteus,Selcuk University,37.86,32.48,0,TRUE,1999,2001,2,10000,12.01
982,Miscanthus,Miscanthus x giganteus,Selcuk University,37.86,32.48,50,TRUE,1999,2001,2,10000,12.91
983,Miscanthus,Miscanthus x giganteus,Selcuk University,37.86,32.48,100,TRUE,1999,2001,2,10000,13.19
984,Miscanthus,Miscanthus x giganteus,Selcuk University,37.86,32.48,150,TRUE,1999,2001,2,10000,12.15
985,Miscanthus,Miscanthus x giganteus,Selcuk University,37.86,32.48,200,TRUE,1999,2001,2,10000,12.08
1076,Miscanthus,Miscanthus x giganteus,Tipperary,52.47,-8.15,120,FALSE,1990,1994,4,20000,19
1077,Miscanthus,Miscanthus x giganteus,Tipperary,52.47,-8.15,120,FALSE,1990,1994,4,20000,13.5
1078,Miscanthus,Miscanthus x giganteus,Tipperary,52.47,-8.15,120,FALSE,1990,1994,4,20000,15.2
16867,Miscanthus,Miscanthus x giganteus,Institute of Forest Genetics (BFH),52.26,10.52,120,FALSE,1993,1994,1,40000,1.7
16868,Miscanthus,Miscanthus x giganteus,Institute of Forest Genetics (BFH),52.26,10.52,120,FALSE,1993,1994,1,40000,1.5
16869,Miscanthus,Miscanthus x giganteus,Institute of Forest Genetics (BFH),52.26,10.52,120,FALSE,1993,1995,2,40000,2.6
16870,Miscanthus,Miscanthus x giganteus,Biomass Technology Group (BTG),52.21,6.84,60,FALSE,1993,1995,2,40000,4.8
16871,Miscanthus,Miscanthus x giganteus,Biomass Technology Group (BTG),52.21,6.84,60,FALSE,1993,1996,3,40000,14.6
16872,Miscanthus,Miscanthus x giganteus,Center of Renewable Energy Sources (CRES),38.03,23.94,60,TRUE,1993,1995,2,40000,26.3
16873,Miscanthus,Miscanthus x giganteus,Center of Renewable Energy Sources (CRES),38.03,23.94,60,TRUE,1993,1996,3,40000,26.3
16874,Miscanthus,Miscanthus x giganteus,ENEA-A Tresaia,40.18,16.57,60,FALSE,1993,1994,1,40000,2.9
16875,Miscanthus,Miscanthus x giganteus,ENEA-A Tresaia,40.18,16.57,60,FALSE,1993,1995,2,40000,8.6
16876,Miscanthus,Miscanthus x giganteus,ENEA-A Tresaia,40.18,16.57,60,FALSE,1993,1996,3,40000,17.4
16877,Miscanthus,Miscanthus x giganteus,ENEA-A Tresaia,40.18,16.57,60,FALSE,1993,1997,4,40000,13.5
16878,Miscanthus,Miscanthus x giganteus,ENEA-B Brasimone,44.17,11.09,60,TRUE,1993,1994,1,40000,6
16879,Miscanthus,Miscanthus x giganteus,ENEA-B Brasimone,44.17,11.09,60,TRUE,1993,1995,2,40000,16.7
16880,Miscanthus,Miscanthus x giganteus,ENEA-B Brasimone,44.17,11.09,60,TRUE,1993,1996,3,40000,19.1
16881,Miscanthus,Miscanthus x giganteus,ENEA-B Brasimone,44.17,11.09,60,TRUE,1993,1997,4,40000,19.7
16882,Miscanthus,Miscanthus x giganteus,Federal Research Center for Agriculture (FAL),53.66,10.28,120,FALSE,1993,1994,1,40000,4.2
16883,Miscanthus,Miscanthus x giganteus,Federal Research Center for Agriculture (FAL),53.66,10.28,120,FALSE,1993,1995,2,40000,11.8
16884,Miscanthus,Miscanthus x giganteus,Federal Research Center for Agriculture (FAL),53.66,10.28,120,FALSE,1993,1996,3,40000,18.3
16885,Miscanthus,Miscanthus x giganteus,Federal Research Center for Agriculture (FAL),53.66,10.28,120,FALSE,1993,1997,4,40000,21.5
16886,Miscanthus,Miscanthus x giganteus,Federal Research Center for Agriculture (FAL),53.66,10.28,120,FALSE,1993,1998,5,40000,22
16887,Miscanthus,Miscanthus x giganteus,Federal Research Center for Agriculture (FAL),53.66,10.28,120,FALSE,1993,1999,6,40000,26.2
16888,Miscanthus,Miscanthus x giganteus,Hyperion,53.33,-6.23,120,FALSE,1993,1994,1,40000,1
16889,Miscanthus,Miscanthus x giganteus,Hyperion,53.33,-6.23,120,FALSE,1993,1995,2,40000,5
16890,Miscanthus,Miscanthus x giganteus,Bayerische Landesanstalt für Weinbau und Gartenbau (LWG),50.13,8.86,120,FALSE,1993,1995,2,40000,1.98
16891,Miscanthus,Miscanthus x giganteus,Bayerische Landesanstalt für Weinbau und Gartenbau (LWG),50.13,8.86,120,FALSE,1993,1996,3,40000,9.13
16892,Miscanthus,Miscanthus x giganteus,Bayerische Landesanstalt für Weinbau und Gartenbau (LWG),50.13,8.86,120,FALSE,1993,1997,4,40000,5.57
16893,Miscanthus,Miscanthus x giganteus,Bayerische Landesanstalt für Weinbau und Gartenbau (LWG),50.13,8.86,120,FALSE,1993,1998,5,40000,9.21
16894,Miscanthus,Miscanthus x giganteus,Bayerische Landesanstalt für Weinbau und Gartenbau (LWG),50.13,8.86,120,FALSE,1993,1999,6,40000,10.05
16895,Miscanthus,Miscanthus x giganteus,Bayerische Landesanstalt für Weinbau und Gartenbau (LWG),50.13,8.86,120,FALSE,1993,2000,7,40000,11.13
16896,Miscanthus,Miscanthus x giganteus,Sorgham Origanization and Research Group for High Altitude or Latitude (SORGHAL),50.85,4.35,120,FALSE,1993,1994,1,40000,2.8
16897,Miscanthus,Miscanthus x giganteus,Sorgham Origanization and Research Group for High Altitude or Latitude (SORGHAL),50.85,4.35,120,FALSE,1993,1995,2,40000,5.2
16898,Miscanthus,Miscanthus x giganteus,Sorgham Origanization and Research Group for High Altitude or Latitude (SORGHAL),50.85,4.35,120,FALSE,1993,1996,3,40000,16.1
16899,Miscanthus,Miscanthus x giganteus,Sorgham Origanization and Research Group for High Altitude or Latitude (SORGHAL),50.85,4.35,120,FALSE,1993,1997,4,40000,15
16900,Miscanthus,Miscanthus x giganteus,Trinity College Dublin (TCD),53.34,-6.25,120,FALSE,1993,1995,2,40000,5.3
16901,Miscanthus,Miscanthus x giganteus,Trinity College Dublin (TCD),53.34,-6.25,120,FALSE,1993,1996,3,40000,7.7
16902,Miscanthus,Miscanthus x giganteus,Trinity College Dublin (TCD),53.34,-6.25,120,FALSE,1993,1997,4,40000,8.4
16903,Miscanthus,Miscanthus x giganteus,Trinity College Dublin (TCD),53.34,-6.25,120,FALSE,1993,1998,5,40000,13.6
16904,Miscanthus,Miscanthus x giganteus,Trinity College Dublin (TCD),53.34,-6.25,120,FALSE,1993,1999,6,40000,14
16905,Miscanthus,Miscanthus x giganteus,University of Santiago de Compostela (USC),42.88,-8.54,120,TRUE,1993,1994,1,40000,5
16906,Miscanthus,Miscanthus x giganteus,University of Santiago de Compostela (USC),42.88,-8.54,60,TRUE,1993,1995,2,40000,13.6
16907,Miscanthus,Miscanthus x giganteus,University of Santiago de Compostela (USC),42.88,-8.54,120,TRUE,1993,1996,3,40000,22.5
16908,Miscanthus,Miscanthus x giganteus,Istituto di Agronomia Generale e Coltivazioni Erbacee (IAGCE),45.46,9.18,120,FALSE,1993,1994,1,40000,4.9
16909,Miscanthus,Miscanthus x giganteus,Istituto di Agronomia Generale e Coltivazioni Erbacee (IAGCE),45.46,9.18,120,FALSE,1993,1995,2,40000,32.4
16910,Miscanthus,Miscanthus x giganteus,Istituto di Agronomia Generale e Coltivazioni Erbacee (IAGCE),45.46,9.18,120,FALSE,1993,1996,3,40000,26.8
16911,Miscanthus,Miscanthus x giganteus,ADAS Arthur Rickwood ,52.42,0.11,120,FALSE,1993,1994,1,40000,4.1
16912,Miscanthus,Miscanthus x giganteus,ADAS Arthur Rickwood ,52.42,0.11,120,FALSE,1993,1995,2,40000,11.6
16913,Miscanthus,Miscanthus x giganteus,ADAS Arthur Rickwood ,52.42,0.11,120,FALSE,1993,1996,3,40000,14.4
16914,Miscanthus,Miscanthus x giganteus,ADAS Arthur Rickwood ,52.42,0.11,120,FALSE,1993,1994,1,40000,4.9
16915,Miscanthus,Miscanthus x giganteus,ADAS Arthur Rickwood ,52.42,0.11,120,FALSE,1993,1995,2,40000,15
16916,Miscanthus,Miscanthus x giganteus,ADAS Arthur Rickwood ,52.42,0.11,120,FALSE,1993,1996,3,40000,13.4
16917,Miscanthus,Miscanthus x giganteus,Institute of Arable Crops Research (IACR),51.81,-0.36,120,FALSE,1993,1994,1,40000,1.9
16918,Miscanthus,Miscanthus x giganteus,Institute of Arable Crops Research (IACR),51.81,-0.36,120,FALSE,1993,1995,2,40000,8.4
16919,Miscanthus,Miscanthus x giganteus,Institute of Arable Crops Research (IACR),51.81,-0.36,120,FALSE,1993,1996,3,40000,11
16920,Miscanthus,Miscanthus x giganteus,Institute of Arable Crops Research (IACR),51.81,-0.36,120,FALSE,1993,1997,4,40000,12.2
16921,Miscanthus,Miscanthus x giganteus,Essex University,51.89,0.9,120,FALSE,1993,1994,1,40000,8.9
16922,Miscanthus,Miscanthus x giganteus,Essex University,51.89,0.9,120,FALSE,1993,1995,2,40000,16.5
16923,Miscanthus,Miscanthus x giganteus,Essex University,51.89,0.9,120,FALSE,1993,1996,3,40000,16.6
16924,Miscanthus,Miscanthus x giganteus,Universidade Nova de Lisboa (UNIOVA),38.73,-9.16,120,TRUE,1993,1995,2,40000,2.7
16925,Miscanthus,Miscanthus x giganteus,Universidade Nova de Lisboa (UNIOVA),38.73,-9.16,120,TRUE,1993,1996,3,40000,3.1
16926,Miscanthus,Miscanthus x giganteus,Universidade Nova de Lisboa (UNIOVA),38.73,-9.16,120,TRUE,1993,1997,4,40000,24.3
16927,Miscanthus,Miscanthus x giganteus,Universidade Nova de Lisboa (UNIOVA),38.73,-9.16,120,TRUE,1993,1998,5,40000,25.1
16928,Miscanthus,Miscanthus x giganteus,Universidade Nova de Lisboa (UNIOVA),38.73,-9.16,120,TRUE,1993,1999,6,40000,24
1079,Miscanthus,Miscanthus x giganteus,Kristianstad,56,14,60,TRUE,1997,11/12/1997,0,20000,0.1
1080,Miscanthus,Miscanthus x giganteus,Kristianstad,56,14,60,TRUE,1997,11/24/1998,1,20000,0
1081,Miscanthus,Miscanthus x giganteus,Kristianstad,56,14,60,TRUE,1997,10/18/1999,2,20000,0
1082,Miscanthus,Miscanthus x giganteus,Kristianstad,56,14,60,TRUE,1997,11/12/1997,0,20000,0.1
1083,Miscanthus,Miscanthus x giganteus,Kristianstad,56,14,60,TRUE,1997,11/24/1998,1,20000,0
1084,Miscanthus,Miscanthus x giganteus,Kristianstad,56,14,60,TRUE,1997,10/18/1999,2,20000,0
1085,Miscanthus,Miscanthus x giganteus,Kristianstad,56,14,60,TRUE,1997,11/12/1997,0,20000,0.1
1086,Miscanthus,Miscanthus x giganteus,Kristianstad,56,14,60,TRUE,1997,11/24/1998,1,20000,0
1087,Miscanthus,Miscanthus x giganteus,Kristianstad,56,14,60,TRUE,1997,10/18/1999,2,20000,0
1088,Miscanthus,Miscanthus x giganteus,Kristianstad,56,14,60,TRUE,1997,11/12/1997,0,20000,0.1
1089,Miscanthus,Miscanthus x giganteus,Kristianstad,56,14,60,TRUE,1997,11/24/1998,1,20000,0
1090,Miscanthus,Miscanthus x giganteus,Kristianstad,56,14,60,TRUE,1997,10/18/1999,2,20000,0
1091,Miscanthus,Miscanthus sacchariflorus,Kristianstad,56,14,60,TRUE,1997,11/12/1997,0,20000,0.5
1092,Miscanthus,Miscanthus sacchariflorus,Kristianstad,56,14,60,TRUE,1997,11/24/1998,1,20000,0
1093,Miscanthus,Miscanthus sacchariflorus,Kristianstad,56,14,60,TRUE,1997,10/18/1999,2,20000,0
1094,Miscanthus,Miscanthus sinensis Hybrid,Kristianstad,56,14,60,TRUE,1997,11/12/1997,0,20000,0.2
1095,Miscanthus,Miscanthus sinensis Hybrid,Kristianstad,56,14,60,TRUE,1997,11/24/1998,1,20000,5
1096,Miscanthus,Miscanthus sinensis Hybrid,Kristianstad,56,14,60,TRUE,1997,10/18/1999,2,20000,19.3
1097,Miscanthus,Miscanthus sinensis Hybrid,Kristianstad,56,14,60,TRUE,1997,11/12/1997,0,20000,0.4
1098,Miscanthus,Miscanthus sinensis Hybrid,Kristianstad,56,14,60,TRUE,1997,11/24/1998,1,20000,3.8
1099,Miscanthus,Miscanthus sinensis Hybrid,Kristianstad,56,14,60,TRUE,1997,10/18/1999,2,20000,11
1100,Miscanthus,Miscanthus sinensis Hybrid,Kristianstad,56,14,60,TRUE,1997,11/12/1997,0,20000,0.4
1101,Miscanthus,Miscanthus sinensis Hybrid,Kristianstad,56,14,60,TRUE,1997,11/24/1998,1,20000,9.5
1102,Miscanthus,Miscanthus sinensis Hybrid,Kristianstad,56,14,60,TRUE,1997,10/18/1999,2,20000,24.7
1103,Miscanthus,Miscanthus sinensis Hybrid,Kristianstad,56,14,60,TRUE,1997,11/12/1997,0,20000,0.6
1104,Miscanthus,Miscanthus sinensis Hybrid,Kristianstad,56,14,60,TRUE,1997,11/24/1998,1,20000,5.4
1105,Miscanthus,Miscanthus sinensis Hybrid,Kristianstad,56,14,60,TRUE,1997,10/18/1999,2,20000,14.2
1106,Miscanthus,Miscanthus sinensis Hybrid,Kristianstad,56,14,60,TRUE,1997,11/12/1997,0,20000,0.8
1107,Miscanthus,Miscanthus sinensis Hybrid,Kristianstad,56,14,60,TRUE,1997,11/24/1998,1,20000,11.4
1108,Miscanthus,Miscanthus sinensis Hybrid,Kristianstad,56,14,60,TRUE,1997,10/18/1999,2,20000,20.5
1109,Miscanthus,Miscanthus sinensis,Kristianstad,56,14,60,TRUE,1997,11/12/1997,0,20000,0.4
1110,Miscanthus,Miscanthus sinensis,Kristianstad,56,14,60,TRUE,1997,11/24/1998,1,20000,5.2
1111,Miscanthus,Miscanthus sinensis,Kristianstad,56,14,60,TRUE,1997,10/18/1999,2,20000,15.4
1112,Miscanthus,Miscanthus sinensis,Kristianstad,56,14,60,TRUE,1997,11/12/1997,0,20000,0.2
1113,Miscanthus,Miscanthus sinensis,Kristianstad,56,14,60,TRUE,1997,11/24/1998,1,20000,5
1114,Miscanthus,Miscanthus sinensis,Kristianstad,56,14,60,TRUE,1997,10/18/1999,2,20000,15.3
1115,Miscanthus,Miscanthus sinensis,Kristianstad,56,14,60,TRUE,1997,11/12/1997,0,20000,0.2
1116,Miscanthus,Miscanthus sinensis,Kristianstad,56,14,60,TRUE,1997,11/24/1998,1,20000,6.7
1117,Miscanthus,Miscanthus sinensis,Kristianstad,56,14,60,TRUE,1997,10/18/1999,2,20000,17.3
1118,Miscanthus,Miscanthus sinensis,Kristianstad,56,14,60,TRUE,1997,11/12/1997,0,20000,0.4
1119,Miscanthus,Miscanthus sinensis,Kristianstad,56,14,60,TRUE,1997,11/24/1998,1,20000,3.9
1120,Miscanthus,Miscanthus sinensis,Kristianstad,56,14,60,TRUE,1997,10/18/1999,2,20000,13.8
1121,Miscanthus,Miscanthus sinensis,Kristianstad,56,14,60,TRUE,1997,11/12/1997,0,20000,0.3
1122,Miscanthus,Miscanthus sinensis,Kristianstad,56,14,60,TRUE,1997,11/24/1998,1,20000,3.1
1123,Miscanthus,Miscanthus sinensis,Kristianstad,56,14,60,TRUE,1997,10/18/1999,2,20000,9.7
1124,Miscanthus,Miscanthus x giganteus,"Danish Institute of Agricultural Sciences, Research Centre Foulum",56.5,9.58,60,TRUE,1996,11/27/1997,1,20000,0.7
1125,Miscanthus,Miscanthus x giganteus,"Danish Institute of Agricultural Sciences, Research Centre Foulum",56.5,9.58,60,TRUE,1996,11/19/1998,2,20000,0
1126,Miscanthus,Miscanthus x giganteus,"Danish Institute of Agricultural Sciences, Research Centre Foulum",56.5,9.58,60,TRUE,1996,11/18/1999,3,20000,0
1127,Miscanthus,Miscanthus x giganteus,"Danish Institute of Agricultural Sciences, Research Centre Foulum",56.5,9.58,60,TRUE,1996,11/27/1997,1,20000,0.8
1128,Miscanthus,Miscanthus x giganteus,"Danish Institute of Agricultural Sciences, Research Centre Foulum",56.5,9.58,60,TRUE,1996,11/19/1998,2,20000,0
1129,Miscanthus,Miscanthus x giganteus,"Danish Institute of Agricultural Sciences, Research Centre Foulum",56.5,9.58,60,TRUE,1996,11/18/1999,3,20000,0
1130,Miscanthus,Miscanthus x giganteus,"Danish Institute of Agricultural Sciences, Research Centre Foulum",56.5,9.58,60,TRUE,1996,11/27/1997,1,20000,1.1
1131,Miscanthus,Miscanthus x giganteus,"Danish Institute of Agricultural Sciences, Research Centre Foulum",56.5,9.58,60,TRUE,1996,11/19/1998,2,20000,0
1132,Miscanthus,Miscanthus x giganteus,"Danish Institute of Agricultural Sciences, Research Centre Foulum",56.5,9.58,60,TRUE,1996,11/18/1999,3,20000,0
1133,Miscanthus,Miscanthus x giganteus,"Danish Institute of Agricultural Sciences, Research Centre Foulum",56.5,9.58,60,TRUE,1996,11/27/1997,1,20000,0.8
1134,Miscanthus,Miscanthus x giganteus,"Danish Institute of Agricultural Sciences, Research Centre Foulum",56.5,9.58,60,TRUE,1996,11/19/1998,2,20000,0
1135,Miscanthus,Miscanthus x giganteus,"Danish Institute of Agricultural Sciences, Research Centre Foulum",56.5,9.58,60,TRUE,1996,11/18/1999,3,20000,0
1136,Miscanthus,Miscanthus sacchariflorus,"Danish Institute of Agricultural Sciences, Research Centre Foulum",56.5,9.58,60,TRUE,1996,11/27/1997,1,20000,0.5
1137,Miscanthus,Miscanthus sacchariflorus,"Danish Institute of Agricultural Sciences, Research Centre Foulum",56.5,9.58,60,TRUE,1996,11/19/1998,2,20000,0.7
1138,Miscanthus,Miscanthus sacchariflorus,"Danish Institute of Agricultural Sciences, Research Centre Foulum",56.5,9.58,60,TRUE,1996,11/18/1999,3,20000,1.4
1139,Miscanthus,Miscanthus sinensis Hybrid,"Danish Institute of Agricultural Sciences, Research Centre Foulum",56.5,9.58,60,TRUE,1996,11/27/1997,1,20000,0.9
1140,Miscanthus,Miscanthus sinensis Hybrid,"Danish Institute of Agricultural Sciences, Research Centre Foulum",56.5,9.58,60,TRUE,1996,11/19/1998,2,20000,5.2
1141,Miscanthus,Miscanthus sinensis Hybrid,"Danish Institute of Agricultural Sciences, Research Centre Foulum",56.5,9.58,60,TRUE,1996,11/18/1999,3,20000,16.4
1142,Miscanthus,Miscanthus sinensis Hybrid,"Danish Institute of Agricultural Sciences, Research Centre Foulum",56.5,9.58,60,TRUE,1996,11/27/1997,1,20000,1.1
1143,Miscanthus,Miscanthus sinensis Hybrid,"Danish Institute of Agricultural Sciences, Research Centre Foulum",56.5,9.58,60,TRUE,1996,11/19/1998,2,20000,4.7
1144,Miscanthus,Miscanthus sinensis Hybrid,"Danish Institute of Agricultural Sciences, Research Centre Foulum",56.5,9.58,60,TRUE,1996,11/18/1999,3,20000,10.4
1145,Miscanthus,Miscanthus sinensis Hybrid,"Danish Institute of Agricultural Sciences, Research Centre Foulum",56.5,9.58,60,TRUE,1996,11/27/1997,1,20000,0.3
1146,Miscanthus,Miscanthus sinensis Hybrid,"Danish Institute of Agricultural Sciences, Research Centre Foulum",56.5,9.58,60,TRUE,1996,11/19/1998,2,20000,4.1
1147,Miscanthus,Miscanthus sinensis Hybrid,"Danish Institute of Agricultural Sciences, Research Centre Foulum",56.5,9.58,60,TRUE,1996,11/18/1999,3,20000,15.9
1148,Miscanthus,Miscanthus sinensis Hybrid,"Danish Institute of Agricultural Sciences, Research Centre Foulum",56.5,9.58,60,TRUE,1996,11/27/1997,1,20000,1.4
1149,Miscanthus,Miscanthus sinensis Hybrid,"Danish Institute of Agricultural Sciences, Research Centre Foulum",56.5,9.58,60,TRUE,1996,11/19/1998,2,20000,1.4
1150,Miscanthus,Miscanthus sinensis Hybrid,"Danish Institute of Agricultural Sciences, Research Centre Foulum",56.5,9.58,60,TRUE,1996,11/18/1999,3,20000,0.9
1151,Miscanthus,Miscanthus sinensis Hybrid,"Danish Institute of Agricultural Sciences, Research Centre Foulum",56.5,9.58,60,TRUE,1996,11/27/1997,1,20000,1.4
1152,Miscanthus,Miscanthus sinensis Hybrid,"Danish Institute of Agricultural Sciences, Research Centre Foulum",56.5,9.58,60,TRUE,1996,11/19/1998,2,20000,7.8
1153,Miscanthus,Miscanthus sinensis Hybrid,"Danish Institute of Agricultural Sciences, Research Centre Foulum",56.5,9.58,60,TRUE,1996,11/18/1999,3,20000,18.2
1154,Miscanthus,Miscanthus sinensis,"Danish Institute of Agricultural Sciences, Research Centre Foulum",56.5,9.58,60,TRUE,1996,11/27/1997,1,20000,0.4
1155,Miscanthus,Miscanthus sinensis,"Danish Institute of Agricultural Sciences, Research Centre Foulum",56.5,9.58,60,TRUE,1996,11/19/1998,2,20000,5.2
1156,Miscanthus,Miscanthus sinensis,"Danish Institute of Agricultural Sciences, Research Centre Foulum",56.5,9.58,60,TRUE,1996,11/18/1999,3,20000,15
1157,Miscanthus,Miscanthus sinensis,"Danish Institute of Agricultural Sciences, Research Centre Foulum",56.5,9.58,60,TRUE,1996,11/27/1997,1,20000,0.3
1158,Miscanthus,Miscanthus sinensis,"Danish Institute of Agricultural Sciences, Research Centre Foulum",56.5,9.58,60,TRUE,1996,11/19/1998,2,20000,3.1
1159,Miscanthus,Miscanthus sinensis,"Danish Institute of Agricultural Sciences, Research Centre Foulum",56.5,9.58,60,TRUE,1996,11/18/1999,3,20000,12.4
1160,Miscanthus,Miscanthus sinensis,"Danish Institute of Agricultural Sciences, Research Centre Foulum",56.5,9.58,60,TRUE,1996,11/27/1997,1,20000,0.3
1161,Miscanthus,Miscanthus sinensis,"Danish Institute of Agricultural Sciences, Research Centre Foulum",56.5,9.58,60,TRUE,1996,11/19/1998,2,20000,3.3
1162,Miscanthus,Miscanthus sinensis,"Danish Institute of Agricultural Sciences, Research Centre Foulum",56.5,9.58,60,TRUE,1996,11/18/1999,3,20000,11.2
1163,Miscanthus,Miscanthus sinensis,"Danish Institute of Agricultural Sciences, Research Centre Foulum",56.5,9.58,60,TRUE,1996,11/27/1997,1,20000,0.6
1164,Miscanthus,Miscanthus sinensis,"Danish Institute of Agricultural Sciences, Research Centre Foulum",56.5,9.58,60,TRUE,1996,11/19/1998,2,20000,2.4
1165,Miscanthus,Miscanthus sinensis,"Danish Institute of Agricultural Sciences, Research Centre Foulum",56.5,9.58,60,TRUE,1996,11/18/1999,3,20000,9.9
1166,Miscanthus,Miscanthus sinensis,"Danish Institute of Agricultural Sciences, Research Centre Foulum",56.5,9.58,60,TRUE,1996,11/27/1997,1,20000,0.2
1167,Miscanthus,Miscanthus sinensis,"Danish Institute of Agricultural Sciences, Research Centre Foulum",56.5,9.58,60,TRUE,1996,11/19/1998,2,20000,1.9
1168,Miscanthus,Miscanthus sinensis,"Danish Institute of Agricultural Sciences, Research Centre Foulum",56.5,9.58,60,TRUE,1996,11/18/1999,3,20000,6.8
1169,Miscanthus,Miscanthus x giganteus,Harpenden,51.8,-0.35,60,TRUE,1997,11/15/1997,0,20000,0.6
1170,Miscanthus,Miscanthus x giganteus,Harpenden,51.8,-0.35,60,TRUE,1997,11/24/1998,1,20000,3
1171,Miscanthus,Miscanthus x giganteus,Harpenden,51.8,-0.35,60,TRUE,1997,11/3/1999,2,20000,13.8
1172,Miscanthus,Miscanthus x giganteus,Harpenden,51.8,-0.35,60,TRUE,1997,11/15/1997,0,20000,0.8
1173,Miscanthus,Miscanthus x giganteus,Harpenden,51.8,-0.35,60,TRUE,1997,11/24/1998,1,20000,5.7
1174,Miscanthus,Miscanthus x giganteus,Harpenden,51.8,-0.35,60,TRUE,1997,11/3/1999,2,20000,16.8
1175,Miscanthus,Miscanthus x giganteus,Harpenden,51.8,-0.35,60,TRUE,1997,11/15/1997,0,20000,0.9
1176,Miscanthus,Miscanthus x giganteus,Harpenden,51.8,-0.35,60,TRUE,1997,11/24/1998,1,20000,5.9
1177,Miscanthus,Miscanthus x giganteus,Harpenden,51.8,-0.35,60,TRUE,1997,11/3/1999,2,20000,18.7
1178,Miscanthus,Miscanthus x giganteus,Harpenden,51.8,-0.35,60,TRUE,1997,11/15/1997,0,20000,0.8
1179,Miscanthus,Miscanthus x giganteus,Harpenden,51.8,-0.35,60,TRUE,1997,11/24/1998,1,20000,5.3
1180,Miscanthus,Miscanthus x giganteus,Harpenden,51.8,-0.35,60,TRUE,1997,11/3/1999,2,20000,14.6
1181,Miscanthus,Miscanthus sacchariflorus,Harpenden,51.8,-0.35,60,TRUE,1997,11/15/1997,0,20000,0.4
1182,Miscanthus,Miscanthus sacchariflorus,Harpenden,51.8,-0.35,60,TRUE,1997,11/24/1998,1,20000,1.9
1183,Miscanthus,Miscanthus sacchariflorus,Harpenden,51.8,-0.35,60,TRUE,1997,11/3/1999,2,20000,11.1
1184,Miscanthus,Miscanthus sinensis Hybrid,Harpenden,51.8,-0.35,60,TRUE,1997,11/15/1997,0,20000,1.4
1185,Miscanthus,Miscanthus sinensis Hybrid,Harpenden,51.8,-0.35,60,TRUE,1997,11/24/1998,1,20000,7
1186,Miscanthus,Miscanthus sinensis Hybrid,Harpenden,51.8,-0.35,60,TRUE,1997,11/3/1999,2,20000,15.7
1187,Miscanthus,Miscanthus sinensis Hybrid,Harpenden,51.8,-0.35,60,TRUE,1997,11/15/1997,0,20000,1.2
1188,Miscanthus,Miscanthus sinensis Hybrid,Harpenden,51.8,-0.35,60,TRUE,1997,11/24/1998,1,20000,5.9
1189,Miscanthus,Miscanthus sinensis Hybrid,Harpenden,51.8,-0.35,60,TRUE,1997,11/3/1999,2,20000,17.7
1190,Miscanthus,Miscanthus sinensis Hybrid,Harpenden,51.8,-0.35,60,TRUE,1997,11/15/1997,0,20000,0.2
1191,Miscanthus,Miscanthus sinensis Hybrid,Harpenden,51.8,-0.35,60,TRUE,1997,11/24/1998,1,20000,1.4
1192,Miscanthus,Miscanthus sinensis Hybrid,Harpenden,51.8,-0.35,60,TRUE,1997,11/3/1999,2,20000,6.5
1193,Miscanthus,Miscanthus sinensis Hybrid,Harpenden,51.8,-0.35,60,TRUE,1997,11/15/1997,0,20000,1.7
1194,Miscanthus,Miscanthus sinensis Hybrid,Harpenden,51.8,-0.35,60,TRUE,1997,11/24/1998,1,20000,7.7
1195,Miscanthus,Miscanthus sinensis Hybrid,Harpenden,51.8,-0.35,60,TRUE,1997,11/3/1999,2,20000,15.8
1196,Miscanthus,Miscanthus sinensis Hybrid,Harpenden,51.8,-0.35,60,TRUE,1997,11/15/1997,0,20000,0.8
1197,Miscanthus,Miscanthus sinensis Hybrid,Harpenden,51.8,-0.35,60,TRUE,1997,11/24/1998,1,20000,6
1198,Miscanthus,Miscanthus sinensis Hybrid,Harpenden,51.8,-0.35,60,TRUE,1997,11/3/1999,2,20000,14
1199,Miscanthus,Miscanthus sinensis,Harpenden,51.8,-0.35,60,TRUE,1997,11/15/1997,0,20000,0.1
1200,Miscanthus,Miscanthus sinensis,Harpenden,51.8,-0.35,60,TRUE,1997,11/24/1998,1,20000,1.9
1201,Miscanthus,Miscanthus sinensis,Harpenden,51.8,-0.35,60,TRUE,1997,11/3/1999,2,20000,8
1202,Miscanthus,Miscanthus sinensis,Harpenden,51.8,-0.35,60,TRUE,1997,11/15/1997,0,20000,0.1
1203,Miscanthus,Miscanthus sinensis,Harpenden,51.8,-0.35,60,TRUE,1997,11/24/1998,1,20000,2
1204,Miscanthus,Miscanthus sinensis,Harpenden,51.8,-0.35,60,TRUE,1997,11/3/1999,2,20000,7
1205,Miscanthus,Miscanthus sinensis,Harpenden,51.8,-0.35,60,TRUE,1997,11/15/1997,0,20000,0.2
1206,Miscanthus,Miscanthus sinensis,Harpenden,51.8,-0.35,60,TRUE,1997,11/24/1998,1,20000,3
1207,Miscanthus,Miscanthus sinensis,Harpenden,51.8,-0.35,60,TRUE,1997,11/3/1999,2,20000,10.9
1208,Miscanthus,Miscanthus sinensis,Harpenden,51.8,-0.35,60,TRUE,1997,11/15/1997,0,20000,0.1
1209,Miscanthus,Miscanthus sinensis,Harpenden,51.8,-0.35,60,TRUE,1997,11/24/1998,1,20000,0.6
1210,Miscanthus,Miscanthus sinensis,Harpenden,51.8,-0.35,60,TRUE,1997,11/3/1999,2,20000,4.6
1211,Miscanthus,Miscanthus sinensis,Harpenden,51.8,-0.35,60,TRUE,1997,11/15/1997,0,20000,0.2
1212,Miscanthus,Miscanthus sinensis,Harpenden,51.8,-0.35,60,TRUE,1997,11/24/1998,1,20000,2
1213,Miscanthus,Miscanthus sinensis,Harpenden,51.8,-0.35,60,TRUE,1997,11/3/1999,2,20000,5.9
1214,Miscanthus,Miscanthus x giganteus,Sttutgart,48.67,9,60,TRUE,1996,11/11/1997,1,20000,3.2
1215,Miscanthus,Miscanthus x giganteus,Sttutgart,48.67,9,60,TRUE,1996,11/23/1998,2,20000,8
1216,Miscanthus,Miscanthus x giganteus,Sttutgart,48.67,9,60,TRUE,1996,10/27/1997,1,20000,22.8
1217,Miscanthus,Miscanthus x giganteus,Sttutgart,48.67,9,60,TRUE,1996,11/11/1997,1,20000,3.4
1218,Miscanthus,Miscanthus x giganteus,Sttutgart,48.67,9,60,TRUE,1996,11/23/1998,2,20000,8.7
1219,Miscanthus,Miscanthus x giganteus,Sttutgart,48.67,9,60,TRUE,1996,10/27/1997,1,20000,24.3
1220,Miscanthus,Miscanthus x giganteus,Sttutgart,48.67,9,60,TRUE,1996,11/11/1997,1,20000,3.3
1221,Miscanthus,Miscanthus x giganteus,Sttutgart,48.67,9,60,TRUE,1996,11/23/1998,2,20000,8.9
1222,Miscanthus,Miscanthus x giganteus,Sttutgart,48.67,9,60,TRUE,1996,10/27/1997,1,20000,25.7
1223,Miscanthus,Miscanthus x giganteus,Sttutgart,48.67,9,60,TRUE,1996,11/11/1997,1,20000,3
1224,Miscanthus,Miscanthus x giganteus,Sttutgart,48.67,9,60,TRUE,1996,11/23/1998,2,20000,8.1
1225,Miscanthus,Miscanthus x giganteus,Sttutgart,48.67,9,60,TRUE,1996,10/27/1997,1,20000,29.1
1226,Miscanthus,Miscanthus sacchariflorus,Sttutgart,48.67,9,60,TRUE,1996,11/11/1997,1,20000,2.9
1227,Miscanthus,Miscanthus sacchariflorus,Sttutgart,48.67,9,60,TRUE,1996,11/23/1998,2,20000,4.6
1228,Miscanthus,Miscanthus sacchariflorus,Sttutgart,48.67,9,60,TRUE,1996,10/27/1997,1,20000,12.6
1229,Miscanthus,Miscanthus sinensis Hybrid,Sttutgart,48.67,9,60,TRUE,1996,11/11/1997,1,20000,2.8
1230,Miscanthus,Miscanthus sinensis Hybrid,Sttutgart,48.67,9,60,TRUE,1996,11/23/1998,2,20000,7.4
1231,Miscanthus,Miscanthus sinensis Hybrid,Sttutgart,48.67,9,60,TRUE,1996,10/27/1997,1,20000,20
1232,Miscanthus,Miscanthus sinensis Hybrid,Sttutgart,48.67,9,60,TRUE,1996,11/11/1997,1,20000,1.1
1233,Miscanthus,Miscanthus sinensis Hybrid,Sttutgart,48.67,9,60,TRUE,1996,11/23/1998,2,20000,3.6
1234,Miscanthus,Miscanthus sinensis Hybrid,Sttutgart,48.67,9,60,TRUE,1996,10/27/1997,1,20000,17
1235,Miscanthus,Miscanthus sinensis Hybrid,Sttutgart,48.67,9,60,TRUE,1996,11/11/1997,1,20000,1
1236,Miscanthus,Miscanthus sinensis Hybrid,Sttutgart,48.67,9,60,TRUE,1996,11/23/1998,2,20000,7.3
1237,Miscanthus,Miscanthus sinensis Hybrid,Sttutgart,48.67,9,60,TRUE,1996,10/27/1997,1,20000,19.2
1238,Miscanthus,Miscanthus sinensis Hybrid,Sttutgart,48.67,9,60,TRUE,1996,11/11/1997,1,20000,3
1239,Miscanthus,Miscanthus sinensis Hybrid,Sttutgart,48.67,9,60,TRUE,1996,11/23/1998,2,20000,7.6
1240,Miscanthus,Miscanthus sinensis Hybrid,Sttutgart,48.67,9,60,TRUE,1996,10/27/1997,1,20000,10.3
1241,Miscanthus,Miscanthus sinensis Hybrid,Sttutgart,48.67,9,60,TRUE,1996,11/11/1997,1,20000,1.9
1242,Miscanthus,Miscanthus sinensis Hybrid,Sttutgart,48.67,9,60,TRUE,1996,11/23/1998,2,20000,9.7
1243,Miscanthus,Miscanthus sinensis Hybrid,Sttutgart,48.67,9,60,TRUE,1996,10/27/1997,1,20000,19.1
1244,Miscanthus,Miscanthus sinensis,Sttutgart,48.67,9,60,TRUE,1996,11/11/1997,1,20000,0.7
1245,Miscanthus,Miscanthus sinensis,Sttutgart,48.67,9,60,TRUE,1996,11/23/1998,2,20000,4.4
1246,Miscanthus,Miscanthus sinensis,Sttutgart,48.67,9,60,TRUE,1996,10/27/1997,1,20000,12.8
1247,Miscanthus,Miscanthus sinensis,Sttutgart,48.67,9,60,TRUE,1996,11/11/1997,1,20000,0.6
1248,Miscanthus,Miscanthus sinensis,Sttutgart,48.67,9,60,TRUE,1996,11/23/1998,2,20000,4.5
1249,Miscanthus,Miscanthus sinensis,Sttutgart,48.67,9,60,TRUE,1996,10/27/1997,1,20000,10.9
1250,Miscanthus,Miscanthus sinensis,Sttutgart,48.67,9,60,TRUE,1996,11/11/1997,1,20000,1
1251,Miscanthus,Miscanthus sinensis,Sttutgart,48.67,9,60,TRUE,1996,11/23/1998,2,20000,5
1252,Miscanthus,Miscanthus sinensis,Sttutgart,48.67,9,60,TRUE,1996,10/27/1997,1,20000,12.3
1253,Miscanthus,Miscanthus sinensis,Sttutgart,48.67,9,60,TRUE,1996,11/11/1997,1,20000,0.5
1254,Miscanthus,Miscanthus sinensis,Sttutgart,48.67,9,60,TRUE,1996,11/23/1998,2,20000,3.6
1255,Miscanthus,Miscanthus sinensis,Sttutgart,48.67,9,60,TRUE,1996,10/27/1997,1,20000,10.4
1256,Miscanthus,Miscanthus sinensis,Sttutgart,48.67,9,60,TRUE,1996,11/11/1997,1,20000,0.5
1257,Miscanthus,Miscanthus sinensis,Sttutgart,48.67,9,60,TRUE,1996,11/23/1998,2,20000,2.5
1258,Miscanthus,Miscanthus sinensis,Sttutgart,48.67,9,60,TRUE,1996,10/27/1997,1,20000,9.1
1259,Miscanthus,Miscanthus x giganteus,Lisbon,48.67,9,60,TRUE,1996,10/27/1997,1,20000,8.4
1260,Miscanthus,Miscanthus x giganteus,Lisbon,48.67,9,60,TRUE,1996,10/15/1998,2,20000,26.9
1261,Miscanthus,Miscanthus x giganteus,Lisbon,48.67,9,60,TRUE,1996,10/6/1999,3,20000,37.8
1262,Miscanthus,Miscanthus x giganteus,Lisbon,48.67,9,60,TRUE,1996,10/27/1997,1,20000,4.6
1263,Miscanthus,Miscanthus x giganteus,Lisbon,48.67,9,60,TRUE,1996,10/15/1998,2,20000,25.5
1264,Miscanthus,Miscanthus x giganteus,Lisbon,48.67,9,60,TRUE,1996,10/6/1999,3,20000,36.4
1265,Miscanthus,Miscanthus x giganteus,Lisbon,48.67,9,60,TRUE,1996,10/27/1997,1,20000,6
1266,Miscanthus,Miscanthus x giganteus,Lisbon,48.67,9,60,TRUE,1996,10/15/1998,2,20000,30.3
1267,Miscanthus,Miscanthus x giganteus,Lisbon,48.67,9,60,TRUE,1996,10/6/1999,3,20000,36.8
1268,Miscanthus,Miscanthus x giganteus,Lisbon,48.67,9,60,TRUE,1996,10/27/1997,1,20000,8.1
1269,Miscanthus,Miscanthus x giganteus,Lisbon,48.67,9,60,TRUE,1996,10/15/1998,2,20000,25.6
1270,Miscanthus,Miscanthus x giganteus,Lisbon,48.67,9,60,TRUE,1996,10/6/1999,3,20000,34.7
1271,Miscanthus,Miscanthus sacchariflorus,Lisbon,48.67,9,60,TRUE,1996,10/27/1997,1,20000,4.4
1272,Miscanthus,Miscanthus sacchariflorus,Lisbon,48.67,9,60,TRUE,1996,10/15/1998,2,20000,15.1
1273,Miscanthus,Miscanthus sacchariflorus,Lisbon,48.67,9,60,TRUE,1996,10/6/1999,3,20000,35.2
1274,Miscanthus,Miscanthus sinensis Hybrid,Lisbon,48.67,9,60,TRUE,1996,10/27/1997,1,20000,7.9
1275,Miscanthus,Miscanthus sinensis Hybrid,Lisbon,48.67,9,60,TRUE,1996,10/15/1998,2,20000,18.4
1276,Miscanthus,Miscanthus sinensis Hybrid,Lisbon,48.67,9,60,TRUE,1996,10/6/1999,3,20000,27.2
1277,Miscanthus,Miscanthus sinensis Hybrid,Lisbon,48.67,9,60,TRUE,1996,10/27/1997,1,20000,7.5
1278,Miscanthus,Miscanthus sinensis Hybrid,Lisbon,48.67,9,60,TRUE,1996,10/15/1998,2,20000,27.2
1279,Miscanthus,Miscanthus sinensis Hybrid,Lisbon,48.67,9,60,TRUE,1996,10/6/1999,3,20000,40.9
1280,Miscanthus,Miscanthus sinensis Hybrid,Lisbon,48.67,9,60,TRUE,1996,10/27/1997,1,20000,2.5
1281,Miscanthus,Miscanthus sinensis Hybrid,Lisbon,48.67,9,60,TRUE,1996,10/15/1998,2,20000,10.8
1282,Miscanthus,Miscanthus sinensis Hybrid,Lisbon,48.67,9,60,TRUE,1996,10/6/1999,3,20000,21
1283,Miscanthus,Miscanthus sinensis Hybrid,Lisbon,48.67,9,60,TRUE,1996,10/27/1997,1,20000,7.6
1284,Miscanthus,Miscanthus sinensis Hybrid,Lisbon,48.67,9,60,TRUE,1996,10/15/1998,2,20000,20.1
1285,Miscanthus,Miscanthus sinensis Hybrid,Lisbon,48.67,9,60,TRUE,1996,10/6/1999,3,20000,26.3
1286,Miscanthus,Miscanthus sinensis Hybrid,Lisbon,48.67,9,60,TRUE,1996,10/27/1997,1,20000,6.3
1287,Miscanthus,Miscanthus sinensis Hybrid,Lisbon,48.67,9,60,TRUE,1996,10/15/1998,2,20000,13.6
1288,Miscanthus,Miscanthus sinensis Hybrid,Lisbon,48.67,9,60,TRUE,1996,10/6/1999,3,20000,20.3
1289,Miscanthus,Miscanthus sinensis,Lisbon,48.67,9,60,TRUE,1996,10/27/1997,1,20000,5.9
1290,Miscanthus,Miscanthus sinensis,Lisbon,48.67,9,60,TRUE,1996,10/15/1998,2,20000,10.6
1291,Miscanthus,Miscanthus sinensis,Lisbon,48.67,9,60,TRUE,1996,10/6/1999,3,20000,16.2
1292,Miscanthus,Miscanthus sinensis,Lisbon,48.67,9,60,TRUE,1996,10/27/1997,1,20000,4.7
1293,Miscanthus,Miscanthus sinensis,Lisbon,48.67,9,60,TRUE,1996,10/15/1998,2,20000,10.2
1294,Miscanthus,Miscanthus sinensis,Lisbon,48.67,9,60,TRUE,1996,10/6/1999,3,20000,16.3
1295,Miscanthus,Miscanthus sinensis,Lisbon,48.67,9,60,TRUE,1996,10/27/1997,1,20000,5.7
1296,Miscanthus,Miscanthus sinensis,Lisbon,48.67,9,60,TRUE,1996,10/15/1998,2,20000,16.3
1297,Miscanthus,Miscanthus sinensis,Lisbon,48.67,9,60,TRUE,1996,10/6/1999,3,20000,22.4
1298,Miscanthus,Miscanthus sinensis,Lisbon,48.67,9,60,TRUE,1996,10/27/1997,1,20000,5.3
1299,Miscanthus,Miscanthus sinensis,Lisbon,48.67,9,60,TRUE,1996,10/15/1998,2,20000,11.6
1300,Miscanthus,Miscanthus sinensis,Lisbon,48.67,9,60,TRUE,1996,10/6/1999,3,20000,16.1
1301,Miscanthus,Miscanthus sinensis,Lisbon,48.67,9,60,TRUE,1996,10/27/1997,1,20000,2
1302,Miscanthus,Miscanthus sinensis,Lisbon,48.67,9,60,TRUE,1996,10/15/1998,2,20000,8.8
1303,Miscanthus,Miscanthus sinensis,Lisbon,48.67,9,60,TRUE,1996,10/6/1999,3,20000,16.1
947,Miscanthus,Miscanthus sinensis,ADAS Arthur Rickwood,52.42,0.11,60,TRUE,1993,1993,0,17777,6.8
948,Miscanthus,Miscanthus sinensis,ADAS Arthur Rickwood,52.42,0.11,60,TRUE,1993,1993,0,17777,6.9
949,Miscanthus,Miscanthus sinensis,ADAS Arthur Rickwood,52.42,0.11,60,TRUE,1993,1993,0,17777,7
950,Miscanthus,Miscanthus sinensis,ADAS Arthur Rickwood,52.42,0.11,60,TRUE,1993,1993,0,17777,7.2
951,Miscanthus,Miscanthus sinensis,ADAS Arthur Rickwood,52.42,0.11,60,TRUE,1993,1993,0,17777,8
952,Miscanthus,Miscanthus sinensis,ADAS Arthur Rickwood,52.42,0.11,60,TRUE,1993,1993,0,17777,11
953,Miscanthus,Miscanthus sinensis,ADAS Arthur Rickwood,52.42,0.11,60,TRUE,1993,1993,0,17777,13
954,Miscanthus,Miscanthus sinensis,ADAS Arthur Rickwood,52.42,0.11,60,TRUE,1993,1993,0,17777,18
955,Miscanthus,Miscanthus sinensis,ADAS Arthur Rickwood,52.42,0.11,60,TRUE,1993,1993,0,17777,26
956,Miscanthus,Miscanthus sinensis,ADAS Arthur Rickwood,52.42,0.11,60,TRUE,1993,1993,0,17777,27
957,Miscanthus,Miscanthus sinensis,ADAS Arthur Rickwood,52.42,0.11,60,TRUE,1993,1993,0,17777,27
958,Miscanthus,Miscanthus sinensis,ADAS Arthur Rickwood,52.42,0.11,60,TRUE,1993,2/17/1994,1,17777,NA
959,Miscanthus,Miscanthus sinensis,ADAS Arthur Rickwood,52.42,0.11,60,TRUE,1993,1993,0,40000,6.9
960,Miscanthus,Miscanthus sinensis,ADAS Arthur Rickwood,52.42,0.11,60,TRUE,1993,1993,0,40000,6.9
961,Miscanthus,Miscanthus sinensis,ADAS Arthur Rickwood,52.42,0.11,60,TRUE,1993,1993,0,40000,7.6
962,Miscanthus,Miscanthus sinensis,ADAS Arthur Rickwood,52.42,0.11,60,TRUE,1993,1993,0,40000,8.8
963,Miscanthus,Miscanthus sinensis,ADAS Arthur Rickwood,52.42,0.11,60,TRUE,1993,1993,0,40000,11
964,Miscanthus,Miscanthus sinensis,ADAS Arthur Rickwood,52.42,0.11,60,TRUE,1993,1993,0,40000,15
965,Miscanthus,Miscanthus sinensis,ADAS Arthur Rickwood,52.42,0.11,60,TRUE,1993,1993,0,40000,27
966,Miscanthus,Miscanthus sinensis,ADAS Arthur Rickwood,52.42,0.11,60,TRUE,1993,1993,0,40000,41
967,Miscanthus,Miscanthus sinensis,ADAS Arthur Rickwood,52.42,0.11,60,TRUE,1993,1993,0,40000,52
968,Miscanthus,Miscanthus sinensis,ADAS Arthur Rickwood,52.42,0.11,60,TRUE,1993,1993,0,40000,47
969,Miscanthus,Miscanthus sinensis,ADAS Arthur Rickwood,52.42,0.11,60,TRUE,1993,1993,0,40000,45
970,Miscanthus,Miscanthus sinensis,ADAS Arthur Rickwood,52.42,0.11,60,TRUE,1993,2/17/1994,1,40000,NA
16969,Miscanthus,Miscanthus x giganteus,St Florian,48.23,14.39,60,FALSE,1989,1990,1,10000,15.7
16970,Miscanthus,Miscanthus x giganteus,St Florian,48.23,14.39,60,FALSE,1989,1991,2,10000,24.9
16971,Miscanthus,Miscanthus x giganteus,St Florian,48.23,14.39,60,FALSE,1989,1992,3,10000,22.7
16972,Miscanthus,Miscanthus x giganteus,St Florian,48.23,14.39,60,FALSE,1989,1993,4,10000,23
16973,Miscanthus,Miscanthus x giganteus,St Florian,48.23,14.39,60,FALSE,1989,1994,5,10000,20.3
16974,Miscanthus,Miscanthus x giganteus,St Florian,48.23,14.39,60,FALSE,1989,1995,6,10000,18
16975,Miscanthus,Miscanthus x giganteus,Atzenbrugg,48.29,15.91,60,FALSE,1989,1990,1,10000,8.8
16976,Miscanthus,Miscanthus x giganteus,Atzenbrugg,48.29,15.91,60,FALSE,1989,1991,2,10000,22.1
16977,Miscanthus,Miscanthus x giganteus,Atzenbrugg,48.29,15.91,60,FALSE,1989,1992,3,10000,19.8
16978,Miscanthus,Miscanthus x giganteus,Atzenbrugg,48.29,15.91,60,FALSE,1989,1993,4,10000,18
16979,Miscanthus,Miscanthus x giganteus,Atzenbrugg,48.29,15.91,60,FALSE,1989,1994,5,10000,19.6
16980,Miscanthus,Miscanthus x giganteus,Atzenbrugg,48.29,15.91,60,FALSE,1989,1995,6,10000,17.6
16981,Miscanthus,Miscanthus x giganteus,Markgraf,47.84,6.42,60,TRUE,1989,1990,1,10000,14.8
16982,Miscanthus,Miscanthus x giganteus,Markgraf,47.84,6.42,60,TRUE,1989,1991,2,10000,35.5
16983,Miscanthus,Miscanthus x giganteus,Markgraf,47.84,6.42,60,TRUE,1989,1992,3,10000,21.6
16984,Miscanthus,Miscanthus x giganteus,Markgraf,47.84,6.42,60,TRUE,1989,1993,4,10000,23
16985,Miscanthus,Miscanthus x giganteus,Markgraf,47.84,6.42,60,TRUE,1989,1994,5,10000,21.4
16986,Miscanthus,Miscanthus x giganteus,Markgraf,47.84,6.42,60,TRUE,1989,1995,6,10000,22.7
16987,Miscanthus,Miscanthus x giganteus,Steinbrunn,47.84,6.42,60,TRUE,1989,1990,1,10000,8
16988,Miscanthus,Miscanthus x giganteus,Steinbrunn,47.84,6.42,60,TRUE,1989,1991,2,10000,17.5
16989,Miscanthus,Miscanthus x giganteus,Steinbrunn,47.84,6.42,60,TRUE,1989,1992,3,10000,20.9
16990,Miscanthus,Miscanthus x giganteus,Steinbrunn,47.84,6.42,60,TRUE,1989,1993,4,10000,19.3
16991,Miscanthus,Miscanthus x giganteus,Steinbrunn,47.84,6.42,60,TRUE,1989,1994,5,10000,17.3
16992,Miscanthus,Miscanthus x giganteus,Steinbrunn,47.84,6.42,60,TRUE,1989,1995,6,10000,18.7
16993,Miscanthus,Miscanthus x giganteus,Ilz,48.23,14.39,60,FALSE,1989,1990,1,10000,12.1
16994,Miscanthus,Miscanthus x giganteus,Ilz,48.23,14.39,60,FALSE,1989,1991,2,10000,23
16995,Miscanthus,Miscanthus x giganteus,Ilz,48.23,14.39,60,FALSE,1989,1992,3,10000,28.9
16996,Miscanthus,Miscanthus x giganteus,Ilz,48.23,14.39,60,FALSE,1989,1993,4,10000,26.1
16997,Miscanthus,Miscanthus x giganteus,Ilz,48.23,14.39,60,FALSE,1989,1994,5,10000,25.8
16998,Miscanthus,Miscanthus x giganteus,Ilz,48.23,14.39,60,FALSE,1989,1995,6,10000,27.6
1536,Miscanthus,Miscanthus x giganteus,Rothamsted Research,51.81,-0.352,60,FALSE,1993,1995,2,20000,15.56
1537,Miscanthus,Miscanthus x giganteus,Rothamsted Research,51.81,-0.352,60,FALSE,1993,1996,3,20000,23.75
1538,Miscanthus,Miscanthus x giganteus,Rothamsted Research,51.81,-0.352,60,FALSE,1993,1997,4,20000,33.8
1539,Miscanthus,Miscanthus x giganteus,Rothamsted Research,51.81,-0.352,60,FALSE,1993,1996,3,20000,23.69
1540,Miscanthus,Miscanthus x giganteus,Rothamsted Research,51.81,-0.352,60,FALSE,1993,1997,4,20000,29.88
1541,Miscanthus,Miscanthus x giganteus,Rothamsted Research,51.81,-0.352,60,FALSE,1993,1997,4,20000,32.61
892,Miscanthus,Miscanthus x giganteus,Koutso,41.14,24.88,0,TRUE,1992,1993,1,10000,0
893,Miscanthus,Miscanthus x giganteus,Koutso,41.14,24.88,0,TRUE,1992,1993,1,10000,1.34
894,Miscanthus,Miscanthus x giganteus,Koutso,41.14,24.88,0,TRUE,1992,1993,1,10000,5.12
895,Miscanthus,Miscanthus x giganteus,Koutso,41.14,24.88,0,TRUE,1992,1993,1,10000,9.92
896,Miscanthus,Miscanthus x giganteus,Koutso,41.14,24.88,0,TRUE,1992,1993,1,10000,17.35
897,Miscanthus,Miscanthus x giganteus,Koutso,41.14,24.88,0,TRUE,1992,1993,1,10000,28.43
898,Miscanthus,Miscanthus x giganteus,Koutso,41.14,24.88,0,TRUE,1992,1993,1,10000,31.01
899,Miscanthus,Miscanthus x giganteus,Koutso,41.14,24.88,0,TRUE,1992,1993,1,10000,30.25
900,Miscanthus,Miscanthus x giganteus,Koutso,41.14,24.88,0,TRUE,1992,1994,2,10000,0
901,Miscanthus,Miscanthus x giganteus,Koutso,41.14,24.88,0,TRUE,1992,1994,2,10000,1.42
902,Miscanthus,Miscanthus x giganteus,Koutso,41.14,24.88,0,TRUE,1992,1994,2,10000,15.04
903,Miscanthus,Miscanthus x giganteus,Koutso,41.14,24.88,0,TRUE,1992,1994,2,10000,22.48
904,Miscanthus,Miscanthus x giganteus,Koutso,41.14,24.88,0,TRUE,1992,1994,2,10000,30.94
905,Miscanthus,Miscanthus x giganteus,Koutso,41.14,24.88,0,TRUE,1992,1994,2,10000,35.14
906,Miscanthus,Miscanthus x giganteus,Koutso,41.14,24.88,0,TRUE,1992,1994,2,10000,42.79
907,Miscanthus,Miscanthus x giganteus,Koutso,41.14,24.88,0,TRUE,1992,1994,2,10000,37.47
908,Miscanthus,Miscanthus x giganteus,Koutso,41.14,24.88,0,FALSE,1992,1995,3,10000,0
909,Miscanthus,Miscanthus x giganteus,Koutso,41.14,24.88,0,FALSE,1992,1995,3,10000,14.35
910,Miscanthus,Miscanthus x giganteus,Koutso,41.14,24.88,0,FALSE,1992,1995,3,10000,21.17
911,Miscanthus,Miscanthus x giganteus,Koutso,41.14,24.88,0,FALSE,1992,1995,3,10000,23.15
16863,Miscanthus,Miscanthus x giganteus,Sperchiada area,38.91,22.44,0,TRUE,1993,10/1/1995,2,8500,30.48
16864,Miscanthus,Miscanthus x giganteus,Sperchiada area,38.91,22.44,0,TRUE,1993,10/1/1995,2,8500,36.4
16865,Miscanthus,Miscanthus x giganteus,Sperchiada area,38.91,22.44,120,FALSE,1993,10/1/1995,2,8500,29.78
16866,Miscanthus,Miscanthus x giganteus,Sperchiada area,38.91,22.44,40,FALSE,1993,10/1/1995,2,8500,20.76
16999,Miscanthus,Miscanthus x giganteus,Sperchiada area,38.91,22.44,0,FALSE,1993,10/1/1995,2,8500,2.91
17000,Miscanthus,Miscanthus x giganteus,Sperchiada area,38.91,22.44,0,TRUE,1993,10/1/1995,2,8500,24.84
17001,Miscanthus,Miscanthus x giganteus,Sperchiada area,38.91,22.44,0,TRUE,1993,10/1/1995,2,8500,31.7
886,Miscanthus,Miscanthus sinensis,Pisa,43.67,10.32,200,TRUE,1992,1992,0,40000,35
887,Miscanthus,Miscanthus sinensis,Pisa,43.67,10.32,200,FALSE,1992,1993,1,40000,24
888,Miscanthus,Miscanthus sinensis,Pisa,43.67,10.32,100,TRUE,1992,1994,2,40000,24
889,Miscanthus,Miscanthus sinensis,Pisa,43.67,10.32,100,FALSE,1992,1995,3,40000,20.5
890,Miscanthus,Miscanthus sinensis,Pisa,43.67,10.32,0,TRUE,1992,1996,4,40000,17.5
891,Miscanthus,Miscanthus sinensis,Pisa,43.67,10.32,0,FALSE,1992,1997,5,40000,17
1902,Miscanthus,Miscanthus x giganteus,Rhine valley,50,7.85,0,FALSE,1989,1989,0,9000,1
1903,Miscanthus,Miscanthus x giganteus,Rhine valley,50,7.85,0,FALSE,1989,1990,1,9000,11.3
1904,Miscanthus,Miscanthus x giganteus,Rhine valley,50,7.85,0,FALSE,1989,1991,2,9000,20.7
1905,Miscanthus,Miscanthus x giganteus,Rhine valley,50,7.85,90,FALSE,1989,1992,3,9000,30
1906,Miscanthus,Miscanthus x giganteus,Rhine valley,50,7.85,90,FALSE,1989,1993,4,9000,17
1922,Miscanthus,Miscanthus x giganteus,Veitshoechheim,49.83,9.87,0,FALSE,1987,1988,1,10000,0.4
1923,Miscanthus,Miscanthus x giganteus,Veitshoechheim,49.83,9.87,0,FALSE,1987,1989,2,10000,3.8
1924,Miscanthus,Miscanthus x giganteus,Veitshoechheim,49.83,9.87,0,FALSE,1987,1990,3,10000,14.3
1925,Miscanthus,Miscanthus x giganteus,Veitshoechheim,49.83,9.87,0,FALSE,1987,1991,4,10000,17.3
1926,Miscanthus,Miscanthus x giganteus,Veitshoechheim,49.83,9.87,0,FALSE,1987,1992,5,10000,24.5
1927,Miscanthus,Miscanthus x giganteus,Veitshoechheim,49.83,9.87,0,FALSE,1987,1993,6,10000,17.2
1928,Miscanthus,Miscanthus x giganteus,Veitshoechheim,49.83,9.87,0,FALSE,1987,1994,7,10000,20.3
1929,Miscanthus,Miscanthus x giganteus,Veitshoechheim,49.83,9.87,0,FALSE,1987,1988,1,20000,1.5
1930,Miscanthus,Miscanthus x giganteus,Veitshoechheim,49.83,9.87,0,FALSE,1987,1989,2,20000,6.6
1931,Miscanthus,Miscanthus x giganteus,Veitshoechheim,49.83,9.87,0,FALSE,1987,1990,3,20000,17.8
1932,Miscanthus,Miscanthus x giganteus,Veitshoechheim,49.83,9.87,0,FALSE,1987,1991,4,20000,18.6
1933,Miscanthus,Miscanthus x giganteus,Veitshoechheim,49.83,9.87,0,FALSE,1987,1992,5,20000,23.4
1934,Miscanthus,Miscanthus x giganteus,Veitshoechheim,49.83,9.87,0,FALSE,1987,1993,6,20000,15.7
1935,Miscanthus,Miscanthus x giganteus,Veitshoechheim,49.83,9.87,0,FALSE,1987,1994,7,20000,21.6
1936,Miscanthus,Miscanthus x giganteus,Veitshoechheim,49.83,9.87,0,FALSE,1987,1988,1,30000,0.7
1937,Miscanthus,Miscanthus x giganteus,Veitshoechheim,49.83,9.87,0,FALSE,1987,1989,2,30000,4.6
1938,Miscanthus,Miscanthus x giganteus,Veitshoechheim,49.83,9.87,0,FALSE,1987,1990,3,30000,16
1939,Miscanthus,Miscanthus x giganteus,Veitshoechheim,49.83,9.87,0,FALSE,1987,1991,4,30000,17
1940,Miscanthus,Miscanthus x giganteus,Veitshoechheim,49.83,9.87,0,FALSE,1987,1992,5,30000,26.8
1941,Miscanthus,Miscanthus x giganteus,Veitshoechheim,49.83,9.87,0,FALSE,1987,1993,6,30000,14.8
1942,Miscanthus,Miscanthus x giganteus,Veitshoechheim,49.83,9.87,0,FALSE,1987,1994,7,30000,17.8
1945,Miscanthus,Miscanthus x giganteus,Hornum,56.84,9.42,75,FALSE,1990,1993,3,40000,4.62
1946,Miscanthus,Miscanthus x giganteus,Hornum,56.84,9.42,75,FALSE,1990,1993,3,40000,8.94
1947,Miscanthus,Miscanthus x giganteus,Hornum,56.84,9.42,75,FALSE,1990,1993,3,40000,9.5
1951,Miscanthus,Miscanthus x giganteus,Boitzenhagen,56.62,10.81,100,FALSE,1991,1994,3,20000,24
1952,Miscanthus,Miscanthus x giganteus,Boitzenhagen,56.62,10.81,100,FALSE,1991,1995,4,20000,17.7
1953,Miscanthus,Miscanthus x giganteus,Boitzenhagen,56.62,10.81,100,FALSE,1991,1996,5,20000,23.7
1954,Miscanthus,Miscanthus x giganteus,Guntersleben,49.87,9.91,100,FALSE,1991,1994,3,20000,32.1
1955,Miscanthus,Miscanthus x giganteus,Guntersleben,49.87,9.91,100,FALSE,1991,1995,4,20000,24.3
1956,Miscanthus,Miscanthus x giganteus,Guntersleben,49.87,9.91,100,FALSE,1991,1996,5,20000,33.5
1957,Miscanthus,Miscanthus x giganteus,Guntersleben,49.87,9.91,100,FALSE,1991,1994,3,20000,17.5
1958,Miscanthus,Miscanthus x giganteus,Guntersleben,49.87,9.91,100,FALSE,1991,1995,4,20000,16.6
1959,Miscanthus,Miscanthus x giganteus,Guntersleben,49.87,9.91,100,FALSE,1991,1996,5,20000,16.8
1948,Miscanthus,Miscanthus x giganteus,Klein Markow,53.88,12.62,100,FALSE,1991,1994,3,20000,14.8
1949,Miscanthus,Miscanthus x giganteus,Klein Markow,53.88,12.62,100,FALSE,1991,1995,4,20000,19
1950,Miscanthus,Miscanthus x giganteus,Klein Markow,53.88,12.62,100,FALSE,1991,1996,5,20000,28.8
1960,Miscanthus,Miscanthus x giganteus,ADAS Rickwood,52.42,0.11,60,FALSE,1993,1993,0,40000,24.4
1961,Miscanthus,Miscanthus x giganteus,ADAS Rickwood,52.42,0.11,60,FALSE,1993,1993,0,10000,16.5
1962,Miscanthus,Miscanthus x giganteus,ADAS Rosemaund,52.13,-2.64,60,FALSE,1993,1993,0,40000,15.8
1963,Miscanthus,Miscanthus x giganteus,ADAS Rosemaund,52.13,-2.64,60,FALSE,1993,1993,0,10000,6.2
1964,Miscanthus,Miscanthus x giganteus,ADAS Starcross,50.63,-3.45,60,FALSE,1993,1993,0,40000,12.2
1965,Miscanthus,Miscanthus x giganteus,ADAS Starcross,50.63,-3.45,60,FALSE,1993,1993,0,10000,2.5
1996,Miscanthus,Miscanthus x giganteus,Durmersheim,48.94,8.28,50,TRUE,1992,Feb-95,3,20000,11.7
1997,Miscanthus,Miscanthus x giganteus,Durmersheim,48.94,8.28,50,TRUE,1992,Feb-95,3,20000,12
1998,Miscanthus,Miscanthus x giganteus,Durmersheim,48.94,8.28,0,TRUE,1991,Feb-95,4,20000,8.9
1999,Miscanthus,Miscanthus x giganteus,Durmersheim,48.94,8.28,50,TRUE,1992,Feb-95,3,20000,8.1
2000,Miscanthus,Miscanthus x giganteus,Durmersheim,48.94,8.28,100,TRUE,1991,Feb-95,4,20000,13.7
2001,Miscanthus,Miscanthus x giganteus,Durmersheim,48.94,8.28,150,TRUE,1991,Feb-95,4,20000,10.5
2002,Miscanthus,Miscanthus x giganteus,Durmersheim,48.94,8.28,50,TRUE,1991,Feb-95,4,20000,12.2
2003,Miscanthus,Miscanthus x giganteus,Gutenzell,48.11,10.01,0,FALSE,1993,Feb-95,2,20000,14.4
2004,Miscanthus,Miscanthus x giganteus,Gutenzell,48.11,10.01,0,FALSE,1993,Feb-95,2,20000,12.7
2005,Miscanthus,Miscanthus x giganteus,Gutenzell,48.11,10.01,0,FALSE,1993,Feb-95,2,20000,16.2
2006,Miscanthus,Miscanthus x giganteus,Gutenzell,48.11,10.01,0,FALSE,1993,Feb-95,2,20000,16.5
2007,Miscanthus,Miscanthus x giganteus,Ihinger Hof,48.74,8.92,50,TRUE,1992,Feb-95,3,20000,24.3
2008,Miscanthus,Miscanthus x giganteus,Ihinger Hof,48.74,8.92,50,TRUE,1992,Feb-95,3,20000,30.5
17002,Miscanthus,Miscanthus x giganteus,Gutenzell,48.11,10.01,0,TRUE,1993,1994,1,20000,13.7
17003,Miscanthus,Miscanthus x giganteus,Gutenzell,48.11,10.01,0,TRUE,1993,1994,1,20000,16.9
17004,Miscanthus,Miscanthus x giganteus,Gutenzell,48.11,10.01,0,TRUE,1993,1995,2,20000,21
17005,Miscanthus,Miscanthus x giganteus,Gutenzell,48.11,10.01,0,TRUE,1993,1995,2,20000,19.8
17006,Miscanthus,Miscanthus x giganteus,Gutenzell,48.11,10.01,0,TRUE,1993,1996,3,20000,21.2
17007,Miscanthus,Miscanthus x giganteus,Gutenzell,48.11,10.01,0,TRUE,1993,1996,3,20000,22.6
2009,Miscanthus,Miscanthus x giganteus,Gutenzell,48.11,10.01,0,FALSE,1993,1994,1,20000,20.2
2010,Miscanthus,Miscanthus x giganteus,Gutenzell,48.11,10.01,0,FALSE,1993,1996,3,20000,33.4
2011,Miscanthus,Miscanthus x giganteus,Gutenzell,48.11,10.01,0,FALSE,1993,1994,1,20000,15.1
2012,Miscanthus,Miscanthus x giganteus,Gutenzell,48.11,10.01,0,FALSE,1993,1996,3,20000,23
2013,Miscanthus,Miscanthus x giganteus,Gutenzell,48.11,10.01,0,FALSE,1993,1994,1,20000,13.3
2014,Miscanthus,Miscanthus x giganteus,Ihinger Hof,48.74,8.92,50,FALSE,1992,1994,2,20000,29.4
2015,Miscanthus,Miscanthus x giganteus,Ihinger Hof,48.74,8.92,50,FALSE,1992,1994,2,20000,24.4
2016,Miscanthus,Miscanthus x giganteus,Ihinger Hof,48.74,8.92,50,FALSE,1992,1996,4,20000,29.3
2017,Miscanthus,Miscanthus x giganteus,Ihinger Hof,48.74,8.92,50,FALSE,1992,1996,4,20000,28.4
2018,Miscanthus,Miscanthus x giganteus,Ihinger Hof,48.74,8.92,50,FALSE,1992,1996,4,20000,21.2
2019,Miscanthus,Miscanthus x giganteus,Durmersheim,48.94,8.28,50,FALSE,1992,1994,2,20000,13.4
2020,Miscanthus,Miscanthus x giganteus,Durmersheim,48.94,8.28,50,FALSE,1992,1994,2,20000,12.4
2021,Miscanthus,Miscanthus x giganteus,Durmersheim,48.94,8.28,50,FALSE,1992,1996,4,20000,12.4
2022,Miscanthus,Miscanthus x giganteus,Durmersheim,48.94,8.28,50,FALSE,1992,1996,4,20000,10.3
2023,Miscanthus,Miscanthus x giganteus,Durmersheim,48.94,8.28,50,FALSE,1992,1994,2,20000,10.2
17010,Miscanthus,Miscanthus x giganteus,Hornum,56.84,9.42,85,FALSE,1983,1985,2,5000,4.9
17011,Miscanthus,Miscanthus x giganteus,Hornum,56.84,9.42,85,FALSE,1983,1985,2,10000,4.6
17012,Miscanthus,Miscanthus x giganteus,Hornum,56.84,9.42,85,FALSE,1983,1985,2,20000,5.9
17013,Miscanthus,Miscanthus x giganteus,Hornum,56.84,9.42,85,FALSE,1983,1985,2,40000,13
17014,Miscanthus,Miscanthus x giganteus,Hornum,56.84,9.42,85,FALSE,1983,1986,3,5000,9.6
17015,Miscanthus,Miscanthus x giganteus,Hornum,56.84,9.42,85,FALSE,1983,1986,3,10000,11
17016,Miscanthus,Miscanthus x giganteus,Hornum,56.84,9.42,85,FALSE,1983,1986,3,20000,13.2
17017,Miscanthus,Miscanthus x giganteus,Hornum,56.84,9.42,85,FALSE,1983,1986,3,40000,0
17018,Miscanthus,Miscanthus x giganteus,Hornum,56.84,9.42,85,FALSE,1983,1987,4,5000,8.3
17019,Miscanthus,Miscanthus x giganteus,Hornum,56.84,9.42,85,FALSE,1983,1987,4,10000,8.6
17020,Miscanthus,Miscanthus x giganteus,Hornum,56.84,9.42,85,FALSE,1983,1987,4,20000,14.8
17021,Miscanthus,Miscanthus x giganteus,Hornum,56.84,9.42,85,FALSE,1983,1987,4,40000,11.9
17022,Miscanthus,Miscanthus x giganteus,Hornum,56.84,9.42,85,FALSE,1983,1988,5,5000,10.1
17023,Miscanthus,Miscanthus x giganteus,Hornum,56.84,9.42,85,FALSE,1983,1988,5,10000,13.6
17024,Miscanthus,Miscanthus x giganteus,Hornum,56.84,9.42,85,FALSE,1983,1988,5,20000,14.6
17025,Miscanthus,Miscanthus x giganteus,Hornum,56.84,9.42,85,FALSE,1983,1988,5,40000,14
17026,Miscanthus,Miscanthus x giganteus,Hornum,56.84,9.42,85,FALSE,1983,1989,6,5000,10.7
17027,Miscanthus,Miscanthus x giganteus,Hornum,56.84,9.42,85,FALSE,1983,1989,6,10000,11.5
17028,Miscanthus,Miscanthus x giganteus,Hornum,56.84,9.42,85,FALSE,1983,1989,6,20000,11.8
17029,Miscanthus,Miscanthus x giganteus,Hornum,56.84,9.42,85,FALSE,1983,1989,6,40000,11.8
17030,Miscanthus,Miscanthus x giganteus,Hornum,56.84,9.42,85,FALSE,1983,1990,7,5000,13.2
17031,Miscanthus,Miscanthus x giganteus,Hornum,56.84,9.42,85,FALSE,1983,1990,7,10000,13.5
17032,Miscanthus,Miscanthus x giganteus,Hornum,56.84,9.42,85,FALSE,1983,1990,7,20000,13.5
17033,Miscanthus,Miscanthus x giganteus,Hornum,56.84,9.42,85,FALSE,1983,1990,7,40000,14.3
17034,Miscanthus,Miscanthus x giganteus,Hornum,56.84,9.42,0,FALSE,1988,1991,3,NA,2.7
17035,Miscanthus,Miscanthus x giganteus,Hornum,56.84,9.42,0,FALSE,1988,1991,3,NA,2.2
17036,Miscanthus,Miscanthus x giganteus,Hornum,56.84,9.42,85,FALSE,1983,1991,8,5000,8.6
17037,Miscanthus,Miscanthus x giganteus,Hornum,56.84,9.42,85,FALSE,1983,1991,8,10000,12
17038,Miscanthus,Miscanthus x giganteus,Hornum,56.84,9.42,85,FALSE,1983,1991,8,20000,10
17039,Miscanthus,Miscanthus x giganteus,Hornum,56.84,9.42,85,FALSE,1983,1991,8,40000,11.3
17040,Miscanthus,Miscanthus x giganteus,Hornum,56.84,9.42,0,FALSE,1988,1992,4,NA,4.9
17041,Miscanthus,Miscanthus x giganteus,Hornum,56.84,9.42,0,FALSE,1988,1992,4,NA,4.4
17042,Miscanthus,Miscanthus x giganteus,Hornum,56.84,9.42,85,FALSE,1983,1992,9,5000,6.3
17043,Miscanthus,Miscanthus x giganteus,Hornum,56.84,9.42,85,FALSE,1983,1992,9,10000,6.2
17044,Miscanthus,Miscanthus x giganteus,Hornum,56.84,9.42,85,FALSE,1983,1992,9,20000,6
17045,Miscanthus,Miscanthus x giganteus,Hornum,56.84,9.42,85,FALSE,1983,1992,9,40000,6.4
17046,Miscanthus,Miscanthus x giganteus,Hornum,56.84,9.42,0,FALSE,1988,1993,5,NA,7.8
17047,Miscanthus,Miscanthus x giganteus,Hornum,56.84,9.42,0,FALSE,1988,1993,5,NA,6
17048,Miscanthus,Miscanthus x giganteus,Hornum,56.84,9.42,85,FALSE,1983,1993,10,5000,7.4
17049,Miscanthus,Miscanthus x giganteus,Hornum,56.84,9.42,85,FALSE,1983,1993,10,10000,6.8
17050,Miscanthus,Miscanthus x giganteus,Hornum,56.84,9.42,85,FALSE,1983,1993,10,20000,9.7
17051,Miscanthus,Miscanthus x giganteus,Hornum,56.84,9.42,85,FALSE,1983,1993,10,40000,8.9
2306,Miscanthus,Miscanthus x giganteus,Cervia,44.13,12.18,50,FALSE,1991,Oct-92,1,38000,31
2307,Miscanthus,Miscanthus x giganteus,Cervia,44.13,12.18,50,FALSE,1991,Jan-93,2,38000,22
2308,Miscanthus,Miscanthus x giganteus,Cervia,44.13,12.18,50,FALSE,1991,Mar-93,2,38000,24
2309,Miscanthus,Miscanthus x giganteus,Cervia,44.13,12.18,50,FALSE,1991,Oct-93,2,38000,31
17008,Miscanthus,Miscanthus x giganteus,Cervia,44.13,12.18,50,FALSE,1991,Jan-94,3,38000,26
17009,Miscanthus,Miscanthus x giganteus,Cervia,44.13,12.18,50,FALSE,1991,Mar-94,3,38000,22
2366,Miscanthus,Miscanthus sacchariflorus,Buckfast Abbey Farm,50.49,-3.78,60,FALSE,1992,1995,3,25000,14.9
2367,Miscanthus,Miscanthus sacchariflorus,Buckfast Abbey Farm,50.49,-3.78,60,FALSE,1992,1996,4,25000,19
2368,Miscanthus,Miscanthus sacchariflorus,Buckfast Abbey Farm,50.49,-3.78,60,FALSE,1992,1997,5,25000,20.2
2369,Miscanthus,Miscanthus sacchariflorus,Buckfast Abbey Farm,50.49,-3.78,60,FALSE,1992,1998,6,25000,16.5
2370,Miscanthus,Miscanthus sacchariflorus,Buckfast Abbey Farm,50.49,-3.78,60,FALSE,1992,1999,7,25000,19.5
2371,Miscanthus,Miscanthus sacchariflorus,Buckfast Abbey Farm,50.49,-3.78,60,FALSE,1992,2000,8,25000,22.2
2372,Miscanthus,Miscanthus sacchariflorus,Buckfast Abbey Farm,50.49,-3.78,60,FALSE,1992,2001,9,25000,17.6
2373,Miscanthus,Miscanthus sacchariflorus,ADAS Bridgets,51.1,-1.27,60,FALSE,1994,1995,1,25000,0.8
2374,Miscanthus,Miscanthus sacchariflorus,ADAS Bridgets,51.1,-1.27,60,FALSE,1994,1996,2,25000,7.9
2375,Miscanthus,Miscanthus sacchariflorus,ADAS Bridgets,51.1,-1.27,60,FALSE,1994,1997,3,25000,15.2
2376,Miscanthus,Miscanthus sacchariflorus,ADAS Bridgets,51.1,-1.27,60,FALSE,1994,1998,4,25000,19.4
2377,Miscanthus,Miscanthus sacchariflorus,ADAS Bridgets,51.1,-1.27,60,FALSE,1994,1999,5,25000,18.1
2378,Miscanthus,Miscanthus sacchariflorus,ADAS Bridgets,51.1,-1.27,60,FALSE,1994,2000,6,25000,23.5
2379,Miscanthus,Miscanthus sacchariflorus,ADAS Bridgets,51.1,-1.27,60,FALSE,1994,2001,7,25000,16.7
2380,Miscanthus,Miscanthus sacchariflorus,ADAS High Mowthrope,54.12,-0.65,60,FALSE,1994,1995,1,25000,0.5
2381,Miscanthus,Miscanthus sacchariflorus,ADAS High Mowthrope,54.12,-0.65,60,FALSE,1994,1996,2,25000,1.7
2382,Miscanthus,Miscanthus sacchariflorus,ADAS High Mowthrope,54.12,-0.65,60,FALSE,1994,1997,3,25000,4.6
2383,Miscanthus,Miscanthus sacchariflorus,ADAS High Mowthrope,54.12,-0.65,60,FALSE,1994,1998,4,25000,8.5
2384,Miscanthus,Miscanthus sacchariflorus,ADAS High Mowthrope,54.12,-0.65,60,FALSE,1994,1999,5,25000,11.5
2385,Miscanthus,Miscanthus sacchariflorus,ADAS High Mowthrope,54.12,-0.65,60,FALSE,1994,2000,6,25000,8.1
2386,Miscanthus,Miscanthus sacchariflorus,ADAS High Mowthrope,54.12,-0.65,60,FALSE,1994,2001,7,25000,16
2387,Miscanthus,Miscanthus sacchariflorus,ADAS Boxworth,52.25,-0.04,60,FALSE,1994,1994,0,25000,0.8
2388,Miscanthus,Miscanthus sacchariflorus,ADAS Boxworth,52.25,-0.04,60,FALSE,1994,1995,1,25000,4.3
2389,Miscanthus,Miscanthus sacchariflorus,ADAS Boxworth,52.25,-0.04,60,FALSE,1994,1996,2,25000,8.3
2390,Miscanthus,Miscanthus sacchariflorus,ADAS Boxworth,52.25,-0.04,60,FALSE,1994,1997,3,25000,16.7
2391,Miscanthus,Miscanthus sacchariflorus,ADAS Boxworth,52.25,-0.04,60,FALSE,1994,1998,4,25000,13.7
2392,Miscanthus,Miscanthus sacchariflorus,ADAS Boxworth,52.25,-0.04,60,FALSE,1994,1999,5,25000,17.8
2393,Miscanthus,Miscanthus sacchariflorus,ADAS Boxworth,52.25,-0.04,60,FALSE,1994,2000,6,25000,17.7
2394,Miscanthus,Miscanthus sacchariflorus,ADAS Gleadthorpe ,53.2,-1.01,60,FALSE,1994,1994,0,25000,0.8
2395,Miscanthus,Miscanthus sacchariflorus,ADAS Gleadthorpe ,53.2,-1.01,60,FALSE,1994,1995,1,25000,2.5
2396,Miscanthus,Miscanthus sacchariflorus,ADAS Gleadthorpe ,53.2,-1.01,60,FALSE,1994,1996,2,25000,4.9
2397,Miscanthus,Miscanthus sacchariflorus,ADAS Gleadthorpe ,53.2,-1.01,60,FALSE,1994,1997,3,25000,13.7
2398,Miscanthus,Miscanthus sacchariflorus,ADAS Gleadthorpe ,53.2,-1.01,60,FALSE,1994,1998,4,25000,12.8
2399,Miscanthus,Miscanthus sacchariflorus,ADAS Gleadthorpe ,53.2,-1.01,60,FALSE,1994,1999,5,25000,12.8
2400,Miscanthus,Miscanthus sacchariflorus,ADAS Gleadthorpe ,53.2,-1.01,60,FALSE,1994,2000,6,25000,10.3
2401,Miscanthus,Miscanthus sacchariflorus,ADAS Arthur Rickwood,52.42,0.11,60,FALSE,1992,1994,2,25000,17.2
2402,Miscanthus,Miscanthus sacchariflorus,ADAS Arthur Rickwood,52.42,0.11,60,FALSE,1992,1995,3,25000,12.1
2403,Miscanthus,Miscanthus sacchariflorus,ADAS Arthur Rickwood,52.42,0.11,60,FALSE,1992,1996,4,25000,17.2
2404,Miscanthus,Miscanthus sacchariflorus,ADAS Arthur Rickwood,52.42,0.11,60,FALSE,1992,1997,5,25000,21.2
2405,Miscanthus,Miscanthus sacchariflorus,ADAS Arthur Rickwood,52.42,0.11,60,FALSE,1992,1998,6,25000,20.7
2406,Miscanthus,Miscanthus sacchariflorus,ADAS Arthur Rickwood,52.42,0.11,60,FALSE,1992,1999,7,25000,23.1
2407,Miscanthus,Miscanthus sacchariflorus,ADAS Arthur Rickwood,52.42,0.11,60,FALSE,1992,2000,8,25000,21.4
2408,Miscanthus,Miscanthus sacchariflorus,ADAS Rosemaund,52.13,-2.64,60,FALSE,1992,1994,2,25000,13.6
2409,Miscanthus,Miscanthus sacchariflorus,ADAS Rosemaund,52.13,-2.64,60,FALSE,1992,1995,3,25000,17
2410,Miscanthus,Miscanthus sacchariflorus,ADAS Rosemaund,52.13,-2.64,60,FALSE,1992,1996,4,25000,17.7
2411,Miscanthus,Miscanthus sacchariflorus,ADAS Rosemaund,52.13,-2.64,60,FALSE,1992,1997,5,25000,17.3
2412,Miscanthus,Miscanthus sacchariflorus,ADAS Rosemaund,52.13,-2.64,60,FALSE,1992,1998,6,25000,24.6
2413,Miscanthus,Miscanthus sacchariflorus,ADAS Rosemaund,52.13,-2.64,60,FALSE,1992,1999,7,25000,17.7
2414,Miscanthus,Miscanthus sacchariflorus,ADAS Rosemaund,52.13,-2.64,60,FALSE,1992,2000,8,25000,20.8
16929,Miscanthus,Miscanthus x giganteus,Saxony,51.12,13.19,120,FALSE,1992,1993,1,20000,1.88
16930,Miscanthus,Miscanthus x giganteus,Saxony,51.12,13.19,120,FALSE,1992,1994,2,20000,13.41
16931,Miscanthus,Miscanthus x giganteus,Saxony,51.12,13.19,120,FALSE,1992,1995,3,20000,24.32
16932,Miscanthus,Miscanthus x giganteus,Saxony,51.12,13.19,120,FALSE,1992,1996,4,20000,33.2
16933,Miscanthus,Miscanthus x giganteus,Saxony,51.12,13.19,120,FALSE,1992,1993,1,20000,1.04
16934,Miscanthus,Miscanthus x giganteus,Saxony,51.12,13.19,120,FALSE,1992,1994,2,20000,4.88
16935,Miscanthus,Miscanthus x giganteus,Saxony,51.12,13.19,120,FALSE,1992,1995,3,20000,7.15
16936,Miscanthus,Miscanthus x giganteus,Saxony,51.12,13.19,120,FALSE,1992,1996,4,20000,13.8
16937,Miscanthus,Miscanthus x giganteus,Saxony,51.12,13.19,120,FALSE,1992,1993,1,20000,4.47
16938,Miscanthus,Miscanthus x giganteus,Saxony,51.12,13.19,120,FALSE,1992,1994,2,20000,11.86
16939,Miscanthus,Miscanthus x giganteus,Saxony,51.12,13.19,120,FALSE,1992,1995,3,20000,10.73
16940,Miscanthus,Miscanthus x giganteus,Saxony,51.12,13.19,120,FALSE,1992,1996,4,20000,19.89
16941,Miscanthus,Miscanthus x giganteus,Saxony,51.12,13.19,120,FALSE,1992,1993,1,20000,0.202
16942,Miscanthus,Miscanthus x giganteus,Saxony,51.12,13.19,120,FALSE,1992,1995,3,20000,2.61
16942,Miscanthus,Miscanthus x giganteus,Saxony,51.12,13.19,120,FALSE,1992,1994,2,20000,2.61
16943,Miscanthus,Miscanthus x giganteus,Saxony,51.12,13.19,120,FALSE,1992,1995,3,20000,3.8
16944,Miscanthus,Miscanthus x giganteus,Saxony,51.12,13.19,120,FALSE,1992,1996,4,20000,8.86
16945,Miscanthus,Miscanthus x giganteus,Saxony,51.12,13.19,0,FALSE,1992,1993,1,20000,2.85
16946,Miscanthus,Miscanthus x giganteus,Saxony,51.12,13.19,60,FALSE,1992,1993,1,20000,4.47
16947,Miscanthus,Miscanthus x giganteus,Saxony,51.12,13.19,120,FALSE,1992,1993,1,20000,4.24
16948,Miscanthus,Miscanthus x giganteus,Saxony,51.12,13.19,180,FALSE,1992,1993,1,20000,4.67
16949,Miscanthus,Miscanthus x giganteus,Saxony,51.12,13.19,0,FALSE,1992,1993,1,20000,0.98
16950,Miscanthus,Miscanthus x giganteus,Saxony,51.12,13.19,60,FALSE,1992,1993,1,20000,1.04
16951,Miscanthus,Miscanthus x giganteus,Saxony,51.12,13.19,120,FALSE,1992,1993,1,20000,1.86
16952,Miscanthus,Miscanthus x giganteus,Saxony,51.12,13.19,180,FALSE,1992,1993,1,20000,1.23
16953,Miscanthus,Miscanthus x giganteus,Saxony,51.12,13.19,0,FALSE,1992,1994,2,20000,5.67
16954,Miscanthus,Miscanthus x giganteus,Saxony,51.12,13.19,60,FALSE,1992,1994,2,20000,11.86
16955,Miscanthus,Miscanthus x giganteus,Saxony,51.12,13.19,120,FALSE,1992,1994,2,20000,13.62
16956,Miscanthus,Miscanthus x giganteus,Saxony,51.12,13.19,180,FALSE,1992,1994,2,20000,13.46
16957,Miscanthus,Miscanthus x giganteus,Saxony,51.12,13.19,0,FALSE,1992,1994,2,20000,4.46
16958,Miscanthus,Miscanthus x giganteus,Saxony,51.12,13.19,60,FALSE,1992,1994,2,20000,4.88
16959,Miscanthus,Miscanthus x giganteus,Saxony,51.12,13.19,120,FALSE,1992,1994,2,20000,8.93
16960,Miscanthus,Miscanthus x giganteus,Saxony,51.12,13.19,180,FALSE,1992,1994,2,20000,8.64
16961,Miscanthus,Miscanthus x giganteus,Saxony,51.12,13.19,0,FALSE,1992,1995,3,20000,4.42
16962,Miscanthus,Miscanthus x giganteus,Saxony,51.12,13.19,60,FALSE,1992,1995,3,20000,10.73
16963,Miscanthus,Miscanthus x giganteus,Saxony,51.12,13.19,120,FALSE,1992,1995,3,20000,8.21
16964,Miscanthus,Miscanthus x giganteus,Saxony,51.12,13.19,180,FALSE,1992,1995,3,20000,12.3
16965,Miscanthus,Miscanthus x giganteus,Saxony,51.12,13.19,0,FALSE,1992,1995,3,20000,6.73
16966,Miscanthus,Miscanthus x giganteus,Saxony,51.12,13.19,60,FALSE,1992,1995,3,20000,7.15
16967,Miscanthus,Miscanthus x giganteus,Saxony,51.12,13.19,120,FALSE,1992,1995,3,20000,8.48
16968,Miscanthus,Miscanthus x giganteus,Saxony,51.12,13.19,180,FALSE,1992,1995,3,20000,9.96
2883,Miscanthus,Miscanthus x giganteus,Fichtel Mountain,49.99,11.99,80,FALSE,1989,1990,1,20000,0.13
2884,Miscanthus,Miscanthus x giganteus,Fichtel Mountain,49.99,11.99,80,FALSE,1989,1991,2,20000,0.48
2885,Miscanthus,Miscanthus x giganteus,Fichtel Mountain,49.99,11.99,80,FALSE,1989,1992,3,20000,3.68
2886,Miscanthus,Miscanthus x giganteus,Fichtel Mountain,49.99,11.99,80,FALSE,1989,1993,4,20000,9.97
2887,Miscanthus,Miscanthus x giganteus,Niedere Geest,52.8,11.76,80,FALSE,1989,1990,1,20000,0.64
2888,Miscanthus,Miscanthus x giganteus,Niedere Geest,52.8,11.76,80,FALSE,1989,1991,2,20000,4.9
2889,Miscanthus,Miscanthus x giganteus,Niedere Geest,52.8,11.76,80,FALSE,1989,1992,3,20000,9.53
2890,Miscanthus,Miscanthus x giganteus,Niedere Geest,52.8,11.76,80,FALSE,1989,1993,4,20000,13.82
2891,Miscanthus,Miscanthus x giganteus,Ehrendorf,52.61,8.25,80,FALSE,1989,1990,1,20000,2.1
2892,Miscanthus,Miscanthus x giganteus,Ehrendorf,52.61,8.25,80,FALSE,1989,1991,2,20000,3.26
2893,Miscanthus,Miscanthus x giganteus,Ehrendorf,52.61,8.25,80,FALSE,1989,1992,3,20000,12.7
2894,Miscanthus,Miscanthus x giganteus,Ehrendorf,52.61,8.25,80,FALSE,1989,1993,4,20000,17.01
2895,Miscanthus,Miscanthus x giganteus,Gaul-Berg,48.68,10.14,80,FALSE,1989,1990,1,20000,0.5
2896,Miscanthus,Miscanthus x giganteus,Gaul-Berg,48.68,10.14,80,FALSE,1989,1991,2,20000,3.95
2897,Miscanthus,Miscanthus x giganteus,Gaul-Berg,48.68,10.14,80,FALSE,1989,1992,3,20000,22.54
2898,Miscanthus,Miscanthus x giganteus,Gaul-Berg,48.68,10.14,80,FALSE,1989,1993,4,20000,17.85
2899,Miscanthus,Miscanthus x giganteus,Ascherberg,51.79,7.61,80,FALSE,1989,1990,1,20000,1.47
2900,Miscanthus,Miscanthus x giganteus,Ascherberg,51.79,7.61,80,FALSE,1989,1991,2,20000,5.08
2901,Miscanthus,Miscanthus x giganteus,Ascherberg,51.79,7.61,80,FALSE,1989,1992,3,20000,15.2
2902,Miscanthus,Miscanthus x giganteus,Ascherberg,51.79,7.61,80,FALSE,1989,1993,4,20000,18.44
2903,Miscanthus,Miscanthus x giganteus,Sulingen ,52.7,8.81,80,FALSE,1989,1990,1,20000,3.46
2904,Miscanthus,Miscanthus x giganteus,Sulingen ,52.7,8.81,80,FALSE,1989,1991,2,20000,7.01
2905,Miscanthus,Miscanthus x giganteus,Sulingen ,52.7,8.81,80,FALSE,1989,1992,3,20000,8.8
2906,Miscanthus,Miscanthus x giganteus,Sulingen ,52.7,8.81,80,FALSE,1989,1993,4,20000,19.01
2907,Miscanthus,Miscanthus x giganteus,Ehrendorf,52.61,8.25,80,FALSE,1989,1990,1,20000,2.1
2908,Miscanthus,Miscanthus x giganteus,Ehrendorf,52.61,8.25,80,FALSE,1989,1991,2,20000,5.4
2909,Miscanthus,Miscanthus x giganteus,Ehrendorf,52.61,8.25,80,FALSE,1989,1992,3,20000,18.13
2910,Miscanthus,Miscanthus x giganteus,Ehrendorf,52.61,8.25,80,FALSE,1989,1993,4,20000,20.02
2911,Miscanthus,Miscanthus x giganteus,Hallertau,48.63,11.77,80,FALSE,1989,1990,1,20000,0.28
2912,Miscanthus,Miscanthus x giganteus,Hallertau,48.63,11.77,80,FALSE,1989,1991,2,20000,3.87
2913,Miscanthus,Miscanthus x giganteus,Hallertau,48.63,11.77,80,FALSE,1989,1992,3,20000,16.2
2914,Miscanthus,Miscanthus x giganteus,Hallertau,48.63,11.77,80,FALSE,1989,1993,4,20000,20.43
2915,Miscanthus,Miscanthus x giganteus,Ampermoos,48.1,11.14,80,FALSE,1989,1990,1,20000,0.41
2916,Miscanthus,Miscanthus x giganteus,Ampermoos,48.1,11.14,80,FALSE,1989,1991,2,20000,8.99
2917,Miscanthus,Miscanthus x giganteus,Ampermoos,48.1,11.14,80,FALSE,1989,1992,3,20000,20.14
2918,Miscanthus,Miscanthus x giganteus,Ampermoos,48.1,11.14,80,FALSE,1989,1993,4,20000,20.88
2919,Miscanthus,Miscanthus x giganteus,Donauried,48.49,10.29,80,FALSE,1989,1990,1,20000,1.11
2920,Miscanthus,Miscanthus x giganteus,Donauried,48.49,10.29,80,FALSE,1989,1991,2,20000,11.39
2921,Miscanthus,Miscanthus x giganteus,Donauried,48.49,10.29,80,FALSE,1989,1992,3,20000,17.68
2922,Miscanthus,Miscanthus x giganteus,Donauried,48.49,10.29,80,FALSE,1989,1993,4,20000,23.42
2923,Miscanthus,Miscanthus x giganteus,Boitzenhagen,52.62,10.81,80,FALSE,1989,1990,1,20000,3.72
2924,Miscanthus,Miscanthus x giganteus,Boitzenhagen,52.62,10.81,80,FALSE,1989,1991,2,20000,13.69
2925,Miscanthus,Miscanthus x giganteus,Boitzenhagen,52.62,10.81,80,FALSE,1989,1992,3,20000,15.3
2926,Miscanthus,Miscanthus x giganteus,Boitzenhagen,52.62,10.81,80,FALSE,1989,1993,4,20000,23.89
3160,Miscanthus,Miscanthus sinensis,Ter Apel,53.38,9.75,0,FALSE,1988,1991,3,40000,21.8
